"rules","support","confidence","coverage","lift","count"
"{Beer Domestic Draft,Soups} => {Snacks/Sandwich}",0.101215942355325,0.756415649978965,0.133809952713353,1.81384551919902,1798
"{Lobby Bar,Snacks/Sandwich} => {Soups}",0.194269308714254,0.709206740649404,0.273924791713578,1.80621484457291,3451
"{LUNCH,Snacks/Sandwich} => {Soups}",0.182672821436613,0.705588171341596,0.258894393154695,1.79699903594439,3245
"{Dessert,Snacks/Sandwich} => {Soups}",0.102398108534114,0.700423565652676,0.146194550776852,1.78384576634468,1819
"{Beer Domestic Draft,Snacks/Sandwich} => {Soups}",0.101215942355325,0.695820433436533,0.145462733618554,1.7721224630203,1798
"{Coffee/Tea,Snacks/Sandwich} => {Soups}",0.193818959693763,0.686814282864552,0.282199954965098,1.74918550835927,3443
"{Salads,Snacks/Sandwich} => {Soups}",0.184023868498086,0.682178631051753,0.269759063274037,1.73737938379976,3269
"{Dessert,LUNCH} => {Coffee/Tea}",0.160774600315244,0.940401712216003,0.17096374690385,1.71688551036023,2856
"{LUNCH,Salads} => {Soups}",0.186951137131277,0.673494220239302,0.277583877505066,1.71526183918724,3321
"{Dessert,Soups} => {Snacks/Sandwich}",0.102398108534114,0.714734774066798,0.143267282143661,1.7138969393254,1819
"{Main Courses,Snacks/Sandwich} => {Soups}",0.202994820986264,0.672886732599366,0.301677550101329,1.71371468356919,3606
"{Salads,Sides} => {Soups}",0.106113487953164,0.670341394025605,0.158297680702544,1.70723218974492,1885
"{Coffee/Tea,Whiskey} => {Lobby Bar}",0.101272235982887,0.94386149003148,0.107295654131952,1.70359230938013,1799
"{Lobby Bar,Sides} => {Soups}",0.10594460707048,0.667375886524823,0.158748029723035,1.69967960548057,1882
"{Beer Domestic Draft,Salads} => {Snacks/Sandwich}",0.10802747129025,0.706813996316759,0.152837198829093,1.69490332486108,1919
"{Beer Domestic Draft,Salads} => {Soups}",0.101497410493132,0.664088397790055,0.152837198829093,1.69130699617814,1803
"{Coffee/Tea,Sides} => {Soups}",0.112136906102229,0.662674650698603,0.169218644449448,1.68770645089749,1992
"{Beer Domestic Draft,LUNCH} => {Lobby Bar}",0.156327403737897,0.935016835016835,0.167192073857239,1.68762843499686,2777
"{Beer Import Draft,LUNCH} => {Lobby Bar}",0.135611348795316,0.933359163115072,0.14529385273587,1.68463647364114,2409
"{Dessert,Lobby Bar} => {Coffee/Tea}",0.18582526458005,0.922324671696005,0.201474893042108,1.68388237081273,3301
"{Beer Domestic Draft,Coffee/Tea} => {Lobby Bar}",0.171132627786535,0.932229377491567,0.183573519477595,1.68259730357246,3040
"{LUNCH,Soups} => {Snacks/Sandwich}",0.182672821436613,0.699956859361519,0.260977257374465,1.67846026588796,3245
"{LUNCH,Soft Drink} => {Lobby Bar}",0.140227426255348,0.929824561403509,0.150810628236884,1.67825680845071,2491
"{Beer Import Draft,Coffee/Tea} => {Lobby Bar}",0.151880207160549,0.928743545611015,0.163532988065751,1.67630566391324,2698
"{Salads,Starters} => {Snacks/Sandwich}",0.104255798243639,0.697289156626506,0.149515874802972,1.67206325301205,1852
"{Coffee/Tea,Soups} => {Snacks/Sandwich}",0.193818959693763,0.693035426731079,0.279666741724837,1.66186302921853,3443
"{Salads,Soups} => {Snacks/Sandwich}",0.184023868498086,0.691998306519898,0.265931096599865,1.65937606871213,3269
"{Sides,Soups} => {Salads}",0.106113487953164,0.786727879799666,0.134879531637019,1.655464825487,1885
"{LUNCH,Main Courses} => {Soups}",0.207498311191173,0.648715241112284,0.319860391803648,1.65215448646862,3686
"{Salads,Sides} => {Snacks/Sandwich}",0.108984462958793,0.688477951635846,0.158297680702544,1.65093444018077,1936
"{Coffee/Tea,Starters} => {Soups}",0.10763341589732,0.648135593220339,0.166066201306012,1.65067823340016,1912
"{Lobby Bar,Soups} => {Snacks/Sandwich}",0.194269308714254,0.686766169154229,0.282875478495834,1.64682967452156,3451
"{Dessert,Salads} => {Soups}",0.109040756586354,0.646312979646313,0.168712001801396,1.64603638285837,1937
"{Dessert,Soups} => {Coffee/Tea}",0.128968700743076,0.900196463654224,0.143267282143661,1.64348304011856,2291
"{Beer Domestic Draft,Coffee/Tea} => {LUNCH}",0.146250844404413,0.796688132474701,0.183573519477595,1.64237762391558,2598
"{Salads,Soft Drink} => {Snacks/Sandwich}",0.102735870299482,0.684803001876173,0.150022517451025,1.64212210115123,1825
"{Coffee/Tea,Soft Drink} => {Lobby Bar}",0.155539292952038,0.909479921000658,0.171020040531412,1.6415364068945,2763
"{Glass Wine,LUNCH} => {Lobby Bar}",0.100371537941905,0.907379134860051,0.110616978158073,1.63774466080613,1783
"{Lobby Bar,Salads} => {Soups}",0.202431884710651,0.642831605291384,0.314906552578248,1.63716998371271,3596
"{Coffee/Tea,Sides} => {Snacks/Sandwich}",0.115458230128349,0.682302062541584,0.169218644449448,1.63612497826521,2051
"{Coffee/Tea,Starters} => {Snacks/Sandwich}",0.113150191398334,0.68135593220339,0.166066201306012,1.6338562067577,2010
"{Beer Domestic Draft,Main Courses} => {Soups}",0.112925016888088,0.640689875439157,0.176255347894618,1.63171540463099,2006
"{Main Courses,Starters} => {Snacks/Sandwich}",0.115176761990543,0.679960119641077,0.169387525332132,1.6305091205864,2046
"{Sides,Snacks/Sandwich} => {Salads}",0.108984462958793,0.7744,0.1407340689034,1.62952399905236,1936
"{Coffee/Tea,Salads} => {Soups}",0.206316145012385,0.639616055846422,0.322562485926593,1.62898059011553,3665
"{Beer Domestic Draft,Main Courses} => {Snacks/Sandwich}",0.119455077685206,0.677738741616097,0.176255347894618,1.62518237122953,2122
"{LUNCH,Starters} => {Coffee/Tea}",0.127505066426481,0.889281507656066,0.143379869398784,1.62355567338154,2265
"{Lobby Bar,Sides} => {Snacks/Sandwich}",0.107239360504391,0.675531914893617,0.158748029723035,1.61989051514177,1905
"{Beer Import Draft,Soups} => {Lobby Bar}",0.108534113938302,0.897161470451373,0.120975005629363,1.61930261746578,1928
"{Beer Domestic Draft,Soups} => {Lobby Bar}",0.12001801396082,0.896928901977282,0.133809952713353,1.61888285051051,2132
"{Main Courses,Soft Drink} => {Soups}",0.108590407565864,0.635584843492586,0.170851159648728,1.61871385803617,1929
"{Lobby Bar,Starters} => {Soups}",0.106620130601216,0.635570469798658,0.167755010132853,1.61867725096822,1894
"{Dessert,Snacks/Sandwich} => {Coffee/Tea}",0.129531637018689,0.886022333461687,0.146194550776852,1.6176054194875,2301
"{LUNCH,Sides} => {Coffee/Tea}",0.126435487502815,0.885996055226824,0.142704345868048,1.61755744347886,2246
"{DINNER,Snacks/Sandwich} => {Soups}",0.233505967124522,0.634833180287726,0.367822562485927,1.61679951464246,4148
"{Lobby Bar,Soups} => {LUNCH}",0.221515424453952,0.783084577114428,0.282875478495834,1.61433380850188,3935
"{Main Courses,Starters} => {Soups}",0.107295654131952,0.633433034230641,0.169387525332132,1.61323360861263,1906
"{Coffee/Tea,Soups} => {LUNCH}",0.2185318621932,0.781400966183575,0.279666741724837,1.61086303391958,3882
"{Main Courses,Soups} => {Snacks/Sandwich}",0.202994820986264,0.671508379888268,0.302296780004503,1.61024228676231,3606
"{Beer Domestic Draft,Salads} => {Lobby Bar}",0.136286872326053,0.89171270718232,0.152837198829093,1.60946804820024,2421
"{Coffee/Tea,Glass Wine} => {Lobby Bar}",0.115007881107859,0.890584132519616,0.12913758162576,1.60743106381614,2043
"{Beer Import Draft,Main Courses} => {Soups}",0.102679576671921,0.630923555863023,0.162744877279892,1.60684244392125,1824
"{Lobby Bar,Starters} => {Snacks/Sandwich}",0.112136906102229,0.668456375838926,0.167755010132853,1.60292373925522,1992
"{Dessert,Soups} => {Salads}",0.109040756586354,0.761100196463654,0.143267282143661,1.60153801113247,1937
"{Beer Domestic Draft,Soups} => {LUNCH}",0.103918036478271,0.776609171224232,0.133809952713353,1.6009847183042,1846
"{Dessert,Main Courses} => {Soups}",0.121200180139608,0.627879848352289,0.193030848907904,1.59909069908675,2153
"{LUNCH,Starters} => {Lobby Bar}",0.126998423778428,0.885747938751472,0.143379869398784,1.59870213208506,2256
"{LUNCH,Soft Drink} => {Coffee/Tea}",0.132008556631389,0.875326614408361,0.150810628236884,1.5980783122662,2345
"{DINNER,Soups} => {Snacks/Sandwich}",0.233505967124522,0.666238355284292,0.350484125197028,1.5976050409382,4148
"{Lobby Bar,Sides} => {Coffee/Tea}",0.138876379193875,0.874822695035461,0.158748029723035,1.5971583098263,2467
"{Beer Domestic Draft,LUNCH} => {Coffee/Tea}",0.146250844404413,0.874747474747475,0.167192073857239,1.5970209806181,2598
"{Dessert,LUNCH} => {Soups}",0.10718306687683,0.626934474810668,0.17096374690385,1.59668301226333,1904
"{Main Courses,Sides} => {Soups}",0.119680252195451,0.626768867924528,0.190947984688133,1.5962612429837,2126
"{Beer Domestic Draft,Soups} => {Salads}",0.101497410493132,0.758519141775347,0.133809952713353,1.59610685080517,1803
"{Dessert,Salads} => {Coffee/Tea}",0.147489304210763,0.874207540874207,0.168712001801396,1.59603522673067,2620
"{Snacks/Sandwich,Starters} => {Salads}",0.104255798243639,0.757774140752864,0.137581625759964,1.59453918933119,1852
"{Coffee/Tea,Lobby Bar} => {LUNCH}",0.328529610448097,0.773287398966477,0.424848007205584,1.5941368637856,5836
"{Dessert,LUNCH} => {Lobby Bar}",0.150979509119568,0.883108330589397,0.17096374690385,1.59393785659318,2682
"{Beer Import Draft,Coffee/Tea} => {LUNCH}",0.126435487502815,0.773149741824441,0.163532988065751,1.59385308271665,2246
"{DINNER,LUNCH} => {Coffee/Tea}",0.335735194775951,0.872950819672131,0.384598063499212,1.59374083871076,5964
"{Coffee/Tea,Soft Drink} => {LUNCH}",0.132008556631389,0.771889400921659,0.171020040531412,1.59125488197428,2345
"{Lobby Bar,Main Courses} => {Soups}",0.224667867597388,0.623886196654682,0.36011033551002,1.58891962686362,3991
"{Dessert,Snacks/Sandwich} => {Salads}",0.110391803647827,0.755102040816326,0.146194550776852,1.5889164478869,1961
"{DINNER,Whiskey} => {Lobby Bar}",0.12086241837424,0.880278802788028,0.137300157622157,1.58883079178282,2147
"{Beer Import Draft,LUNCH} => {Coffee/Tea}",0.126435487502815,0.87020534676482,0.14529385273587,1.588728446036,2246
"{Lobby Bar,Snacks/Sandwich} => {LUNCH}",0.210988516099977,0.770242498972462,0.273924791713578,1.58785978318984,3748
"{Coffee/Tea,Sides} => {Salads}",0.127561360054042,0.753825681969395,0.169218644449448,1.58623068165178,2266
"{Beer Import Draft,Main Courses} => {Snacks/Sandwich}",0.107577122269759,0.661016949152542,0.162744877279892,1.5850843796903,1911
"{Beer Domestic Draft,Snacks/Sandwich} => {Lobby Bar}",0.127617653681603,0.877321981424149,0.145462733618554,1.58349397256844,2267
"{Beer Domestic Draft,LUNCH} => {Soups}",0.103918036478271,0.621548821548822,0.167192073857239,1.58296677648649,1846
"{Coffee/Tea,Snacks/Sandwich} => {LUNCH}",0.216674172483675,0.767803710353082,0.282199954965098,1.58283220502636,3849
"{Coffee/Tea,Starters} => {LUNCH}",0.127505066426481,0.767796610169492,0.166066201306012,1.58281756795298,2265
"{Coffee/Tea,Soft Drink} => {Soups}",0.106226075208286,0.621132323897301,0.171020040531412,1.58190603608769,1887
"{Beer Domestic Draft,Main Courses} => {Lobby Bar}",0.154469714028372,0.87639731715107,0.176255347894618,1.58182502965572,2744
"{Main Courses,Soft Drink} => {Snacks/Sandwich}",0.112699842377843,0.659637561779242,0.170851159648728,1.58177668027085,2002
"{Dessert,Main Courses} => {Coffee/Tea}",0.167135780229678,0.865850102070575,0.193030848907904,1.58077710310192,2969
"{Beer Domestic Draft,Coffee/Tea} => {Snacks/Sandwich}",0.120975005629363,0.6590003066544,0.183573519477595,1.58024857551414,2149
"{LUNCH,Lobby Bar} => {Coffee/Tea}",0.328529610448097,0.865105247554106,0.379756811528935,1.5794172268809,5836
"{Main Courses,Starters} => {Salads}",0.127111011033551,0.75041542040545,0.169387525332132,1.579054670467,2258
"{Beer Import Draft,Salads} => {Lobby Bar}",0.121481648277415,0.873684210526316,0.139045260076559,1.57692809548765,2158
"{Beer Domestic Draft,Coffee/Tea} => {Soups}",0.113600540418825,0.618828580190126,0.183573519477595,1.57603883849425,2018
"{DINNER,LUNCH} => {Lobby Bar}",0.335735194775951,0.872950819672131,0.384598063499212,1.57560438535417,5964
"{Beer Domestic Draft,LUNCH} => {Snacks/Sandwich}",0.109772573744652,0.656565656565657,0.167192073857239,1.5744104108035,1950
"{Lobby Bar,Sides} => {LUNCH}",0.121200180139608,0.763475177304965,0.158748029723035,1.57390890677096,2153
"{Beer Import Draft,Coffee/Tea} => {Soups}",0.10099076784508,0.617555938037866,0.163532988065751,1.57279766068884,1794
"{Main Courses,Soft Drink} => {Salads}",0.127505066426481,0.746293245469522,0.170851159648728,1.57038062218912,2265
"{Beer Domestic Draft,DINNER} => {Lobby Bar}",0.205021391578473,0.870043000477783,0.235645124971853,1.5703560110229,3642
"{Coffee/Tea,Main Courses} => {Soups}",0.22849583427156,0.616494532199271,0.370637243863995,1.570094461647,4059
"{Snacks/Sandwich,Soft Drink} => {Salads}",0.102735870299482,0.746116107931316,0.137694213015087,1.57000788217151,1825
"{Dessert,Salads} => {Snacks/Sandwich}",0.110391803647827,0.654320987654321,0.168712001801396,1.56902781110844,1961
"{Beer Import Draft,Snacks/Sandwich} => {Lobby Bar}",0.113375365908579,0.868852459016393,0.130488628687233,1.56820718166706,2014
"{Lobby Bar,Starters} => {Coffee/Tea}",0.143999099301959,0.858389261744966,0.167755010132853,1.56715589369348,2558
"{Coffee/Tea,Starters} => {Lobby Bar}",0.143999099301959,0.867118644067797,0.166066201306012,1.56507778837841,2558
"{Soft Drink,Soups} => {Lobby Bar}",0.110560684530511,0.867108167770419,0.127505066426481,1.56505887952385,1964
"{Salads,Sides} => {Main Courses}",0.141465886061698,0.893669985775249,0.158297680702544,1.5639004656991,2513
"{LUNCH,Sides} => {Salads}",0.106057194325602,0.743195266272189,0.142704345868048,1.56386172827045,1884
"{Lobby Bar,Soft Drink} => {LUNCH}",0.140227426255348,0.758295281582953,0.184924566539068,1.56323051897871,2491
"{Beer Domestic Draft,Snacks/Sandwich} => {Salads}",0.10802747129025,0.742647058823529,0.145462733618554,1.56270816784425,1919
"{Beer Import Draft,Main Courses} => {Lobby Bar}",0.140846656158523,0.865444482877897,0.162744877279892,1.56205606521469,2502
"{Lobby Bar,Sides} => {Salads}",0.117822562485927,0.742198581560284,0.158748029723035,1.56176446373334,2093
"{Coffee/Tea,Starters} => {Salads}",0.123226750731817,0.742033898305085,0.166066201306012,1.56141793052494,2189
"{Lobby Bar,Starters} => {LUNCH}",0.126998423778428,0.757046979865772,0.167755010132853,1.5606571370936,2256
"{Main Courses,Sides} => {Snacks/Sandwich}",0.124240036027922,0.65064858490566,0.190947984688133,1.56022157967929,2207
"{Beer Import Draft,Coffee/Tea} => {Snacks/Sandwich}",0.106338662463409,0.65025817555938,0.163532988065751,1.55928539830411,1889
"{Main Courses,Sides} => {Salads}",0.141465886061698,0.740860849056604,0.190947984688133,1.55894955255171,2513
"{LUNCH,Salads} => {Coffee/Tea}",0.236996172033326,0.853782194281079,0.277583877505066,1.55874479950761,4210
"{Soups,Starters} => {Coffee/Tea}",0.10763341589732,0.853571428571429,0.126097725737447,1.55836000587285,1912
"{Beer Domestic Draft,Snacks/Sandwich} => {LUNCH}",0.109772573744652,0.754643962848297,0.145462733618554,1.5557033023137,1950
"{Beer Import Draft,DINNER} => {Lobby Bar}",0.186163026345418,0.861871253583529,0.215998648952939,1.55560668041636,3307
"{Sides,Soups} => {Main Courses}",0.119680252195451,0.887312186978297,0.134879531637019,1.55277447438503,2126
"{Coffee/Tea,Soups} => {Salads}",0.206316145012385,0.737721417069243,0.279666741724837,1.55234343198508,3665
"{Beer Domestic Draft,Soups} => {Coffee/Tea}",0.113600540418825,0.848969289019773,0.133809952713353,1.54995790854545,2018
"{Beer Domestic Draft,Main Courses} => {Salads}",0.129813105156496,0.736505908655382,0.176255347894618,1.54978570970791,2306
"{Coffee/Tea,Soft Drink} => {Snacks/Sandwich}",0.110448097275388,0.645819618169849,0.171020040531412,1.54864196776042,1962
"{Beer Domestic Draft,Lobby Bar} => {LUNCH}",0.156327403737897,0.750540540540541,0.208286421977032,1.54724407127332,2777
"{DINNER,Sides} => {Soups}",0.130150866921864,0.60746190225959,0.214253546498536,1.54709006906657,2312
"{DINNER,Dessert} => {Coffee/Tea}",0.209693762666066,0.847361237488626,0.247466786759739,1.54702209894635,3725
"{Sides,Snacks/Sandwich} => {Main Courses}",0.124240036027922,0.8828,0.1407340689034,1.54487825829967,2207
"{Dessert,Lobby Bar} => {LUNCH}",0.150979509119568,0.749371332774518,0.201474893042108,1.54483374206876,2682
"{Lobby Bar,Salads} => {LUNCH}",0.235701418599415,0.748480514837326,0.314906552578248,1.54299731525708,4187
"{LUNCH,Main Courses} => {Coffee/Tea}",0.270209412294528,0.844772967265047,0.319860391803648,1.54229671022572,4800
"{Dessert,Soups} => {LUNCH}",0.10718306687683,0.748133595284872,0.143267282143661,1.54228213840553,1904
"{LUNCH,Starters} => {Salads}",0.105043909029498,0.732626619552415,0.143379869398784,1.54162275168551,1866
"{Coffee/Tea,Sides} => {LUNCH}",0.126435487502815,0.747172322022621,0.169218644449448,1.54030046749563,2246
"{Beer Domestic Draft,Salads} => {LUNCH}",0.114163476694438,0.746961325966851,0.152837198829093,1.53986549779217,2028
"{DINNER,Starters} => {Snacks/Sandwich}",0.13409142085116,0.641875505254648,0.208905651880207,1.53918418943623,2382
"{Dessert,Main Courses} => {Salads}",0.140902949786084,0.729950422863809,0.193030848907904,1.53599138968878,2503
"{Lobby Bar,Soft Drink} => {Coffee/Tea}",0.155539292952038,0.841095890410959,0.184924566539068,1.5355834940658,2763
"{Lobby Bar,Salads} => {Coffee/Tea}",0.264748930421076,0.840722202359671,0.314906552578248,1.53490125413332,4703
"{Lobby Bar,Snacks/Sandwich} => {Coffee/Tea}",0.230240936725963,0.84052609946568,0.273924791713578,1.53454323030918,4090
"{Beer Import Draft,Main Courses} => {Salads}",0.118666966899347,0.729159460394327,0.162744877279892,1.53432701426733,2108
"{Beer Domestic Draft,Salads} => {Coffee/Tea}",0.128349470839901,0.839779005524862,0.152837198829093,1.53317926558516,2280
"{LUNCH,Sides} => {Lobby Bar}",0.121200180139608,0.84930966469428,0.142704345868048,1.53293404629437,2153
"{LUNCH,Salads} => {Lobby Bar}",0.235701418599415,0.849117825998783,0.277583877505066,1.53258779323739,4187
"{LUNCH,Soups} => {Lobby Bar}",0.221515424453952,0.848792062122519,0.260977257374465,1.53199981625121,3935
"{Coffee/Tea,LUNCH} => {Lobby Bar}",0.328529610448097,0.848625854296932,0.387131276739473,1.53169982480499,5836
"{Lobby Bar,Soups} => {Coffee/Tea}",0.23716505291601,0.838407960199005,0.282875478495834,1.5306761567292,4213
"{Coffee/Tea,Soups} => {Lobby Bar}",0.23716505291601,0.848027375201288,0.279666741724837,1.53061961929239,4213
"{LUNCH,Soups} => {Coffee/Tea}",0.2185318621932,0.837359792924935,0.260977257374465,1.52876252430818,3882
"{LUNCH,Snacks/Sandwich} => {Coffee/Tea}",0.216674172483675,0.836921069797782,0.258894393154695,1.52796155024541,3849
"{Coffee/Tea,Sides} => {Main Courses}",0.147714478721009,0.872920825016633,0.169218644449448,1.52758994538425,2624
"{Soups,Starters} => {Lobby Bar}",0.106620130601216,0.845535714285714,0.126097725737447,1.52612237640433,1894
"{LUNCH,Salads} => {Snacks/Sandwich}",0.176649403287548,0.636382072601906,0.277583877505066,1.52601122269172,3138
"{Coffee/Tea,Dessert} => {Lobby Bar}",0.18582526458005,0.844893780394164,0.219939202882234,1.52496373856146,3301
"{Beer Import Draft,Soups} => {Coffee/Tea}",0.10099076784508,0.834806886924151,0.120975005629363,1.5241016998274,1794
"{Lobby Bar,Soft Drink} => {Soups}",0.110560684530511,0.597869101978691,0.184924566539068,1.52265902903935,1964
"{Main Courses,Snacks/Sandwich} => {Salads}",0.218250394055393,0.723455868632207,0.301677550101329,1.52232528433813,3877
"{Soft Drink,Soups} => {Coffee/Tea}",0.106226075208286,0.833112582781457,0.127505066426481,1.52100841937614,1887
"{DINNER,Sides} => {Snacks/Sandwich}",0.135723936050439,0.633473462953232,0.214253546498536,1.51903652752446,2411
"{Beer Domestic Draft,Snacks/Sandwich} => {Coffee/Tea}",0.120975005629363,0.831656346749226,0.145462733618554,1.51834977838163,2149
"{LUNCH,Sides} => {Main Courses}",0.123789687007431,0.867455621301775,0.142704345868048,1.51802597348091,2199
"{Sides,Soups} => {Coffee/Tea}",0.112136906102229,0.831385642737897,0.134879531637019,1.51785555576526,1992
"{Beer Import Bottle,DINNER} => {Lobby Bar}",0.112418374240036,0.840842105263158,0.13369736545823,1.51765079840426,1997
"{Lobby Bar,Starters} => {Salads}",0.120918712001801,0.720805369127517,0.167755010132853,1.51674799540171,2148
"{Coffee/Tea,Salads} => {LUNCH}",0.236996172033326,0.734729493891798,0.322562485926593,1.5146494986067,4210
"{Lobby Bar,Main Courses} => {Coffee/Tea}",0.298637694213015,0.829294982022823,0.36011033551002,1.51403864960467,5305
"{Dessert,Lobby Bar} => {Soups}",0.119736545823013,0.594300083822297,0.201474893042108,1.51356941778054,2127
"{Salads,Soft Drink} => {Lobby Bar}",0.125703670344517,0.837898686679174,0.150022517451025,1.51233817010454,2233
"{Dessert,Soups} => {Lobby Bar}",0.119736545823013,0.835756385068762,0.143267282143661,1.50847149200991,2127
"{Snacks/Sandwich,Soups} => {Salads}",0.184023868498086,0.716728787546591,0.256755235307363,1.50816988651713,3269
"{LUNCH,Soups} => {Salads}",0.186951137131277,0.716350301984469,0.260977257374465,1.50737346179248,3321
"{Coffee/Tea,Dessert} => {LUNCH}",0.160774600315244,0.730995648835424,0.219939202882234,1.5069521534075,2856
"{Lobby Bar,Whiskey} => {Coffee/Tea}",0.101272235982887,0.824850985786337,0.122776401711326,1.50592527353633,1799
"{Lobby Bar,Soups} => {Salads}",0.202431884710651,0.715621890547264,0.282875478495834,1.50584070879905,3596
"{Coffee/Tea,Snacks/Sandwich} => {Salads}",0.201925242062599,0.715539597047676,0.282199954965098,1.50566754346777,3587
"{Lobby Bar,Main Courses} => {LUNCH}",0.263003827966674,0.730342347975614,0.36011033551002,1.50560536955307,4672
"{Salads,Starters} => {Coffee/Tea}",0.123226750731817,0.824171686746988,0.149515874802972,1.5046850815389,2189
"{Coffee/Tea,Main Courses} => {LUNCH}",0.270209412294528,0.729040097205346,0.370637243863995,1.50292077135381,4800
"{Dessert,Main Courses} => {Snacks/Sandwich}",0.120918712001801,0.626421697287839,0.193030848907904,1.50212675899314,2148
"{DINNER,Sides} => {Salads}",0.152893492456654,0.713610089332633,0.214253546498536,1.50160739480039,2716
"{Snacks/Sandwich,Starters} => {Coffee/Tea}",0.113150191398334,0.822422258592471,0.137581625759964,1.50149116152484,2010
"{Beer Domestic Draft,Main Courses} => {LUNCH}",0.128349470839901,0.728201852443309,0.176255347894618,1.50119272447522,2280
"{Coffee/Tea,Salads} => {Snacks/Sandwich}",0.201925242062599,0.626003490401396,0.322562485926593,1.50112392055756,3587
"{Dessert,Snacks/Sandwich} => {LUNCH}",0.106394956090971,0.727762803234501,0.146194550776852,1.5002876217544,1890
"{Beer Domestic Draft,Lobby Bar} => {Coffee/Tea}",0.171132627786535,0.821621621621622,0.208286421977032,1.50002944362657,3040
"{DINNER,Sides} => {Main Courses}",0.183460932222472,0.856279558591697,0.214253546498536,1.49846813898364,3259
"{Main Courses,Soft Drink} => {Lobby Bar}",0.141803647827066,0.82998352553542,0.170851159648728,1.49805195566056,2519
"{Sides,Snacks/Sandwich} => {Coffee/Tea}",0.115458230128349,0.8204,0.1407340689034,1.49779913669065,2051
"{DINNER,Starters} => {Soups}",0.122832695338888,0.587981676098087,0.208905651880207,1.49747763357798,2182
"{DINNER,LUNCH} => {Soups}",0.226131501913983,0.587968384074941,0.384598063499212,1.49744378132004,4017
"{Lobby Bar,Sides} => {Main Courses}",0.135836523305562,0.855673758865248,0.158748029723035,1.49740800438206,2413
"{Main Courses,Salads} => {Soups}",0.214535014636343,0.587935822277075,0.364895293852736,1.49736085260645,3811
"{Lobby Bar,Snacks/Sandwich} => {Salads}",0.194719657734744,0.710850801479655,0.273924791713578,1.49580118899367,3459
"{Beer Domestic Draft,Main Courses} => {Coffee/Tea}",0.144336861067327,0.818907697221335,0.176255347894618,1.49507464886329,2564
"{Beer Import Draft,Salads} => {Coffee/Tea}",0.11382571492907,0.818623481781377,0.139045260076559,1.49455575851638,2022
"{DINNER,Soft Drink} => {Lobby Bar}",0.178732267507318,0.82746937711754,0.215998648952939,1.49351412468157,3175
"{Beer Import Draft,Salads} => {Main Courses}",0.118666966899347,0.853441295546559,0.139045260076559,1.49350124855572,2108
"{Coffee/Tea,Dessert} => {Soups}",0.128968700743076,0.586383414384438,0.219939202882234,1.49340716460576,2291
"{Main Courses,Soups} => {Salads}",0.214535014636343,0.709683426443203,0.302296780004503,1.49334475092834,3811
"{Dessert,LUNCH} => {Snacks/Sandwich}",0.106394956090971,0.622324662495884,0.17096374690385,1.49230228193532,1890
"{Glass Wine,Lobby Bar} => {Coffee/Tea}",0.115007881107859,0.81687325069972,0.140790362530961,1.49136037260327,2043
"{Soft Drink,Soups} => {Main Courses}",0.108590407565864,0.851655629139073,0.127505066426481,1.49037637632021,1929
"{Soups,Starters} => {Main Courses}",0.107295654131952,0.850892857142857,0.126097725737447,1.48904154411247,1906
"{Beer Import Draft,Snacks/Sandwich} => {Coffee/Tea}",0.106338662463409,0.814926660914582,0.130488628687233,1.48780649583624,1889
"{Salads,Starters} => {Main Courses}",0.127111011033551,0.850150602409639,0.149515874802972,1.48774261660968,2258
"{Salads,Soft Drink} => {Main Courses}",0.127505066426481,0.849906191369606,0.150022517451025,1.487314903309,2265
"{Coffee/Tea,Main Courses} => {Salads}",0.261877955415447,0.706561360874848,0.370637243863995,1.48677517348742,4652
"{Beer Domestic Draft,Salads} => {Main Courses}",0.129813105156496,0.849355432780847,0.152837198829093,1.48635108934282,2306
"{LUNCH,Lobby Bar} => {Soups}",0.221515424453952,0.583308627334717,0.379756811528935,1.48557626608945,3935
"{Beer Import Draft,Soups} => {Main Courses}",0.102679576671921,0.848766868310842,0.120975005629363,1.48532111601555,1824
"{Glass Wine,Main Courses} => {Lobby Bar}",0.110335510020266,0.822837951301427,0.13409142085116,1.48515478225143,1960
"{Snacks/Sandwich,Soft Drink} => {Lobby Bar}",0.113262778653456,0.822567457072772,0.137694213015087,1.48466656243047,2012
"{LUNCH,Main Courses} => {Lobby Bar}",0.263003827966674,0.82224568813798,0.319860391803648,1.48408579598487,4672
"{Lobby Bar,Salads} => {Snacks/Sandwich}",0.194719657734744,0.61834107972828,0.314906552578248,1.48274985695102,3459
"{Coffee/Tea,Soft Drink} => {Salads}",0.120412069353749,0.704081632653061,0.171020040531412,1.48155722843508,2139
"{Coffee/Tea,Salads} => {Lobby Bar}",0.264748930421076,0.820767888307155,0.322562485926593,1.48141848891367,4703
"{Coffee/Tea,Sides} => {Lobby Bar}",0.138876379193875,0.820691949434464,0.169218644449448,1.48128142549825,2467
"{Dessert,Soups} => {Main Courses}",0.121200180139608,0.845972495088409,0.143267282143661,1.48043103169643,2153
"{LUNCH,Main Courses} => {Snacks/Sandwich}",0.197196577347444,0.616508271735304,0.319860391803648,1.47835487838903,3503
"{Beer Domestic Draft,Soups} => {Main Courses}",0.112925016888088,0.843920908708456,0.133809952713353,1.47684080605822,2006
"{Main Courses,Starters} => {Coffee/Tea}",0.136906102229228,0.808241940844134,0.169387525332132,1.47560224431194,2432
"{Coffee/Tea,DINNER} => {Lobby Bar}",0.396813780680027,0.8174649194016,0.485419950461608,1.47545690187462,7049
"{DINNER,Glass Wine} => {Lobby Bar}",0.138763791938753,0.817307692307692,0.169781580725062,1.47517311990996,2465
"{LUNCH,Soft Drink} => {Salads}",0.105719432560234,0.701007838745801,0.150810628236884,1.47508922618815,1878
"{Beer Import Draft,Lobby Bar} => {LUNCH}",0.135611348795316,0.715473715473716,0.189540643999099,1.47495358961066,2409
"{Coffee/Tea,Snacks/Sandwich} => {Lobby Bar}",0.230240936725963,0.815878715340116,0.282199954965098,1.47259393408878,4090
"{Beer Domestic Draft,Coffee/Tea} => {Salads}",0.128349470839901,0.699172033118675,0.183573519477595,1.47122624926796,2280
"{Salads,Sides} => {Coffee/Tea}",0.127561360054042,0.805832147937411,0.158297680702544,1.47120270050978,2266
"{Snacks/Sandwich,Starters} => {Lobby Bar}",0.112136906102229,0.81505728314239,0.137581625759964,1.47111131657604,1992
"{LUNCH,Snacks/Sandwich} => {Lobby Bar}",0.210988516099977,0.814959773863883,0.258894393154695,1.47093532035339,3748
"{Glass Wine,Lobby Bar} => {LUNCH}",0.100371537941905,0.712914834066373,0.140790362530961,1.46967843940525,1783
"{Beer Domestic Draft,Lobby Bar} => {Snacks/Sandwich}",0.127617653681603,0.612702702702703,0.208286421977032,1.46922932111377,2267
"{Lobby Bar,Main Courses} => {Salads}",0.251407340689034,0.698139753009223,0.36011033551002,1.46905408344656,4466
"{Lobby Bar,Soft Drink} => {Snacks/Sandwich}",0.113262778653456,0.61248097412481,0.184924566539068,1.46869762747747,2012
"{Beer Domestic Draft,Lobby Bar} => {Soups}",0.12001801396082,0.576216216216216,0.208286421977032,1.46751324227453,2132
"{Snacks/Sandwich,Soups} => {LUNCH}",0.182672821436613,0.711466783600088,0.256755235307363,1.46669327421051,3245
"{DINNER,Starters} => {Salads}",0.145575320873677,0.696847210994341,0.208905651880207,1.46633426393076,2586
"{Salads,Soft Drink} => {Coffee/Tea}",0.120412069353749,0.802626641651032,0.150022517451025,1.46535042777892,2139
"{Snacks/Sandwich,Starters} => {Main Courses}",0.115176761990543,0.837152209492635,0.137581625759964,1.46499574913084,2046
"{Beer Import Draft,Coffee/Tea} => {Salads}",0.11382571492907,0.696041308089501,0.163532988065751,1.46463845023713,2022
"{Snacks/Sandwich,Soft Drink} => {Coffee/Tea}",0.110448097275388,0.802125919869174,0.137694213015087,1.46443626316095,1962
"{DINNER,Soups} => {Salads}",0.243863994595812,0.695791840668166,0.350484125197028,1.46411351073552,4332
"{Beer Import Draft,Lobby Bar} => {Coffee/Tea}",0.151880207160549,0.801306801306801,0.189540643999099,1.4629408035369,2698
"{Dessert,Salads} => {Main Courses}",0.140902949786084,0.835168501835169,0.168712001801396,1.46152430958526,2503
"{Dessert,Snacks/Sandwich} => {Lobby Bar}",0.118329205133979,0.809395456295726,0.146194550776852,1.46089218508812,2102
"{Salads,Starters} => {Lobby Bar}",0.120918712001801,0.808734939759036,0.149515874802972,1.45970000710013,2148
"{Beer Import Draft,Lobby Bar} => {Soups}",0.108534113938302,0.572616572616573,0.189540643999099,1.4583456338295,1928
"{LUNCH,Main Courses} => {Salads}",0.221628011709075,0.692889827525519,0.319860391803648,1.45800697656519,3937
"{Beer Domestic Draft,DINNER} => {Snacks/Sandwich}",0.1432109885161,0.607740086000956,0.235645124971853,1.45732922350445,2544
"{Beer Import Draft,Main Courses} => {Coffee/Tea}",0.129644224273812,0.796610169491525,0.162744877279892,1.4543661922762,2303
"{Coffee/Tea,Main Courses} => {Lobby Bar}",0.298637694213015,0.805741190765492,0.370637243863995,1.45429653655336,5305
"{Salads,Soft Drink} => {LUNCH}",0.105719432560234,0.7046904315197,0.150022517451025,1.45272378153835,1878
"{DINNER,Salads} => {Soups}",0.243863994595812,0.57,0.427831569466336,1.45168172043011,4332
"{Main Courses,Soft Drink} => {Coffee/Tea}",0.135836523305562,0.79505766062603,0.170851159648728,1.45153178657357,2413
"{Salads,Soups} => {LUNCH}",0.186951137131277,0.703005927180356,0.265931096599865,1.44925116518879,3321
"{Salads,Starters} => {LUNCH}",0.105043909029498,0.702560240963855,0.149515874802972,1.44833238023464,1866
"{Dessert,Snacks/Sandwich} => {Main Courses}",0.120918712001801,0.827108201771275,0.146194550776852,1.44741898298344,2148
"{DINNER,Soft Drink} => {Snacks/Sandwich}",0.130207160549426,0.602814698983581,0.215998648952938,1.44551840074842,2313
"{Glass Wine,Main Courses} => {Coffee/Tea}",0.106057194325602,0.790931989924433,0.13409142085116,1.44399957543861,1884
"{Coffee/Tea,Main Courses} => {Snacks/Sandwich}",0.223035352398109,0.60176184690158,0.370637243863995,1.44299371603127,3962
"{Beer Import Draft,Snacks/Sandwich} => {Main Courses}",0.107577122269759,0.8244176013805,0.130488628687233,1.442710498564,1911
"{Coffee/Tea,Starters} => {Main Courses}",0.136906102229228,0.824406779661017,0.166066201306012,1.44269156082143,2432
"{Beer Import Draft,Main Courses} => {LUNCH}",0.113600540418825,0.698028363887928,0.162744877279892,1.43898988697983,2018
"{Coffee/Tea,LUNCH} => {Soups}",0.2185318621932,0.564490330085793,0.387131276739473,1.43764963779843,3882
"{Coffee/Tea,Glass Wine} => {Main Courses}",0.106057194325602,0.821272885789015,0.12913758162576,1.43720732372732,1884
"{Beer Domestic Draft,Snacks/Sandwich} => {Main Courses}",0.119455077685206,0.821207430340557,0.145462733618554,1.43709277830457,2122
"{DINNER,Soft Drink} => {Soups}",0.121875703670345,0.564242898097472,0.215998648952939,1.43701947552738,2165
"{Dessert,Salads} => {Lobby Bar}",0.134316595361405,0.79612946279613,0.168712001801396,1.4369481586172,2386
"{Beer Domestic Draft,LUNCH} => {Salads}",0.114163476694438,0.682828282828283,0.167192073857239,1.43683506469576,2028
"{LUNCH,Snacks/Sandwich} => {Salads}",0.176649403287548,0.68232224396608,0.258894393154695,1.4357702371255,3138
"{LUNCH,Starters} => {Main Courses}",0.11754109434812,0.819787985865724,0.143379869398784,1.43460878543185,2088
"{Beer Import Draft,Lobby Bar} => {Snacks/Sandwich}",0.113375365908579,0.598158598158598,0.189540643999099,1.43435331232307,2014
"{Main Courses,Salads} => {Snacks/Sandwich}",0.218250394055393,0.598117864856526,0.364895293852736,1.43425563597615,3877
"{Main Courses,Starters} => {Lobby Bar}",0.134598063499212,0.794616151545364,0.169387525332132,1.4342167563556,2391
"{Dessert,LUNCH} => {Salads}",0.116415221796893,0.680935133355285,0.17096374690385,1.43285142252112,2068
"{Snacks/Sandwich,Soft Drink} => {Main Courses}",0.112699842377843,0.818479149632052,0.137694213015087,1.4323183542571,2002
"{DINNER,Dessert} => {Lobby Bar}",0.196295879306463,0.793221110100091,0.247466786759739,1.43169882135928,3487
"{Main Courses,Starters} => {LUNCH}",0.11754109434812,0.693918245264207,0.169387525332132,1.43051685144173,2088
"{Lobby Bar,Soft Drink} => {Salads}",0.125703670344517,0.679756468797565,0.184924566539068,1.43037122858564,2233
"{DINNER,Starters} => {Lobby Bar}",0.165503265030399,0.792239288601455,0.208905651880207,1.42992671435849,2940
"{Coffee/Tea,Soups} => {Main Courses}",0.22849583427156,0.817028985507246,0.279666741724837,1.42978060275349,4059
"{DINNER,Snacks/Sandwich} => {Salads}",0.249662238234632,0.678757269666361,0.367822562485927,1.4282686731051,4435
"{Dessert,Main Courses} => {Lobby Bar}",0.152668317946408,0.79090113735783,0.193030848907904,1.42751146149406,2712
"{Coffee/Tea,DINNER} => {LUNCH}",0.335735194775951,0.691638640844254,0.485419950461608,1.42581743251216,5964
"{Main Courses,Soft Drink} => {LUNCH}",0.118160324251295,0.69159802306425,0.170851159648728,1.42573369870179,2099
"{DINNER,Starters} => {Coffee/Tea}",0.163138932672821,0.780921584478577,0.208905651880207,1.42572364097404,2898
"{Lobby Bar,Main Courses} => {Snacks/Sandwich}",0.213915784733168,0.594028450836329,0.36011033551002,1.42444943313398,3800
"{Dessert,Salads} => {LUNCH}",0.116415221796893,0.690023356690023,0.168712001801396,1.42248751401202,2068
"{Beer Domestic Draft,DINNER} => {Soups}",0.131558207610898,0.558289536550406,0.235645124971853,1.42185739459232,2337
"{Beer Domestic Draft,DINNER} => {LUNCH}",0.162519702769646,0.689679885332059,0.235645124971853,1.42177944563522,2887
"{Coffee/Tea,Lobby Bar} => {Soups}",0.23716505291601,0.558235060288856,0.424848007205584,1.42171865390269,4213
"{DINNER,Lobby Bar} => {Coffee/Tea}",0.396813780680027,0.778378975265018,0.509795091195677,1.42108161527315,7049
"{Coffee/Tea,Salads} => {Main Courses}",0.261877955415447,0.811867364746946,0.322562485926593,1.42074789354396,4652
"{Sides,Soups} => {Lobby Bar}",0.10594460707048,0.785475792988314,0.134879531637019,1.41771916141479,1882
"{DINNER,Dessert} => {Soups}",0.137750506642648,0.556642402183803,0.247466786759739,1.41766245625707,2447
"{Salads,Soups} => {Coffee/Tea}",0.206316145012385,0.775825571549534,0.265931096599865,1.41641988211777,3665
"{DINNER,Glass Wine} => {Salads}",0.114276063949561,0.673076923076923,0.169781580725062,1.41631585661436,2030
"{Salads,Snacks/Sandwich} => {Main Courses}",0.218250394055393,0.809056761268781,0.269759063274037,1.41582940667704,3877
"{Main Courses,Soups} => {LUNCH}",0.207498311191173,0.686405959031657,0.302296780004503,1.41503022586032,3686
"{Main Courses,Sides} => {Coffee/Tea}",0.147714478721009,0.773584905660377,0.190947984688133,1.41232911245128,2624
"{Coffee/Tea,Dessert} => {Snacks/Sandwich}",0.129531637018689,0.588942922958792,0.219939202882234,1.41225460089633,2301
"{Salads,Soups} => {Main Courses}",0.214535014636343,0.806731583403895,0.265931096599865,1.41176040267824,3811
"{Coffee/Tea,Dessert} => {Salads}",0.147489304210763,0.670591246480676,0.219939202882234,1.41108539475038,2620
"{Beer Domestic Draft,DINNER} => {Coffee/Tea}",0.181828417023193,0.771619684663163,0.235645124971853,1.40874122079717,3230
"{Dessert,Lobby Bar} => {Snacks/Sandwich}",0.118329205133979,0.587314892428053,0.201474893042108,1.40835066807396,2102
"{Beer Import Draft,DINNER} => {Snacks/Sandwich}",0.12666066201306,0.586395621579359,0.215998648952939,1.40614630422999,2250
"{Dessert,Main Courses} => {LUNCH}",0.131558207610898,0.68153980752406,0.193030848907904,1.40499862375042,2337
"{DINNER,Whiskey} => {Coffee/Tea}",0.105606845305111,0.769167691676917,0.137300157622157,1.40426463257438,1876
"{Lobby Bar,Starters} => {Main Courses}",0.134598063499212,0.802348993288591,0.167755010132853,1.40409097791139,2391
"{Dessert,Lobby Bar} => {Salads}",0.134316595361405,0.666666666666667,0.201474893042108,1.40282713417042,2386
"{DINNER,Sides} => {Coffee/Tea}",0.164433686106733,0.767472411981083,0.214253546498536,1.40116957106187,2921
"{DINNER,LUNCH} => {Snacks/Sandwich}",0.224555280342265,0.583870023419204,0.384598063499212,1.40009005075847,3989
"{DINNER,Salads} => {Snacks/Sandwich}",0.249662238234632,0.583552631578947,0.427831569466336,1.39932896157781,4435
"{LUNCH,Salads} => {Main Courses}",0.221628011709075,0.798418170756439,0.277583877505066,1.39721213528888,3937
"{Lobby Bar,Salads} => {Main Courses}",0.251407340689034,0.798355380765105,0.314906552578248,1.39710225435044,4466
"{DINNER,Soft Drink} => {Coffee/Tea}",0.165278090520153,0.765181131091999,0.215998648952939,1.39698639390732,2936
"{DINNER,Soft Drink} => {Salads}",0.1432109885161,0.663017982799062,0.215998648952939,1.39514942507019,2544
"{DINNER,Dessert} => {Salads}",0.163701868948435,0.661510464058235,0.247466786759739,1.39197724277783,2908
"{LUNCH,Soups} => {Main Courses}",0.207498311191173,0.795081967213115,0.260977257374465,1.39137386125246,3686
"{Coffee/Tea,Soft Drink} => {Main Courses}",0.135836523305562,0.794272547728769,0.171020040531412,1.38995739708934,2413
"{Beer Import Draft,DINNER} => {Soups}",0.117878856113488,0.54573885848319,0.215998648952939,1.38989320173411,2094
"{Lobby Bar,Soups} => {Main Courses}",0.224667867597388,0.794228855721393,0.282875478495834,1.38988093715248,3991
"{DINNER,Salads} => {Main Courses}",0.339675748705247,0.793947368421053,0.427831569466336,1.38938834130939,6034
"{Beer Import Draft,Coffee/Tea} => {Main Courses}",0.129644224273812,0.792771084337349,0.163532988065751,1.38732987313257,2303
"{DINNER,Soups} => {Main Courses}",0.27730240936726,0.791198201092194,0.350484125197028,1.38457736619069,4926
"{DINNER,Starters} => {Main Courses}",0.165278090520153,0.791161412018324,0.208905651880207,1.38451298621747,2936
"{Snacks/Sandwich,Soups} => {Main Courses}",0.202994820986264,0.79061609296207,0.256755235307363,1.3835586912992,3606
"{Coffee/Tea,Snacks/Sandwich} => {Main Courses}",0.223035352398109,0.790345102732894,0.282199954965098,1.38308446507212,3962
"{Salads,Sides} => {LUNCH}",0.106057194325602,0.669985775248933,0.158297680702544,1.38117991313938,1884
"{Beer Import Bottle,DINNER} => {Coffee/Tea}",0.101103355100203,0.756210526315789,0.13369736545823,1.38060881700654,1796
"{Main Courses,Soups} => {Coffee/Tea}",0.22849583427156,0.75586592178771,0.302296780004503,1.37997967468005,4059
"{DINNER,Main Courses} => {Salads}",0.339675748705247,0.655798282795348,0.517957667192074,1.37995743847152,6034
"{Snacks/Sandwich,Soups} => {Coffee/Tea}",0.193818959693763,0.754878316158737,0.256755235307363,1.3781766092748,3443
"{Beer Domestic Draft,Lobby Bar} => {Salads}",0.136286872326053,0.654324324324324,0.208286421977032,1.37685587506483,2421
"{Beer Domestic Draft,Coffee/Tea} => {Main Courses}",0.144336861067327,0.786261882858019,0.183573519477595,1.3759389308531,2564
"{Sides,Snacks/Sandwich} => {Lobby Bar}",0.107239360504391,0.762,0.1407340689034,1.37534728713676,1905
"{Salads,Soups} => {Lobby Bar}",0.202431884710651,0.761219305673158,0.265931096599865,1.37393819812822,3596
"{Coffee/Tea,DINNER} => {Soups}",0.261821661787886,0.539371448451815,0.485419950461608,1.37367661796388,4651
"{Glass Wine,Lobby Bar} => {Main Courses}",0.110335510020266,0.783686525389844,0.140790362530961,1.37143211871,1960
"{LUNCH,Soft Drink} => {Main Courses}",0.118160324251295,0.783501306457633,0.150810628236884,1.37110799014022,2099
"{DINNER,Dessert} => {Snacks/Sandwich}",0.141465886061698,0.571656050955414,0.247466786759739,1.37080157791198,2513
"{Beer Import Draft,LUNCH} => {Main Courses}",0.113600540418825,0.781867493219682,0.14529385273587,1.36824885721155,2018
"{Lobby Bar,Snacks/Sandwich} => {Main Courses}",0.213915784733168,0.780928894369092,0.273924791713578,1.36660633233894,3800
"{Salads,Snacks/Sandwich} => {Coffee/Tea}",0.201925242062599,0.748539232053422,0.269759063274037,1.36660338316516,3587
"{Snacks/Sandwich,Soups} => {Lobby Bar}",0.194269308714254,0.756632317474238,0.256755235307363,1.36565906193989,3451
"{DINNER,Glass Wine} => {Coffee/Tea}",0.126998423778428,0.748010610079576,0.169781580725062,1.36563828134158,2256
"{DINNER,Soups} => {Coffee/Tea}",0.261821661787886,0.747028589784773,0.350484125197028,1.36384541304591,4651
"{DINNER,Main Courses} => {Soups}",0.27730240936726,0.535376589501141,0.517957667192074,1.36350247109653,4926
"{DINNER,Starters} => {LUNCH}",0.138088268408016,0.661007814605228,0.208905651880207,1.36267179048941,2453
"{Beer Import Draft,DINNER} => {Coffee/Tea}",0.161168655708174,0.746155850925202,0.215998648952939,1.36225205918143,2863
"{DINNER,Lobby Bar} => {LUNCH}",0.335735194775951,0.65856890459364,0.509795091195677,1.35764396207513,5964
"{DINNER,Glass Wine} => {Main Courses}",0.13161450123846,0.775198938992042,0.169781580725062,1.3565790515471,2338
"{DINNER,Soups} => {Lobby Bar}",0.263397883359604,0.751525859299711,0.350484125197028,1.35644232519814,4679
"{Salads,Snacks/Sandwich} => {LUNCH}",0.176649403287548,0.654841402337229,0.269759063274037,1.34995969259818,3138
"{Main Courses,Snacks/Sandwich} => {Coffee/Tea}",0.223035352398109,0.73931703676059,0.301677550101329,1.34976647903547,3962
"{Beer Import Draft,Lobby Bar} => {Salads}",0.121481648277415,0.640926640926641,0.189540643999099,1.34866392435689,2158
"{Main Courses,Snacks/Sandwich} => {LUNCH}",0.197196577347444,0.653666728867326,0.301677550101329,1.34753809581051,3503
"{Dessert,LUNCH} => {Main Courses}",0.131558207610898,0.769509384260784,0.17096374690385,1.34662247089041,2337
"{Beer Domestic Draft,DINNER} => {Salads}",0.150641747354199,0.639273769708552,0.235645124971853,1.34518588546585,2676
"{DINNER,Soft Drink} => {LUNCH}",0.140846656158523,0.652071931196247,0.215998648952939,1.34425041032495,2502
"{Salads,Sides} => {Lobby Bar}",0.117822562485927,0.744310099573257,0.158297680702544,1.34341847275141,2093
"{Beer Domestic Draft,LUNCH} => {Main Courses}",0.128349470839901,0.767676767676768,0.167192073857239,1.34341543700228,2280
"{Coffee/Tea,LUNCH} => {Snacks/Sandwich}",0.216674172483675,0.559691726043333,0.387131276739473,1.3421117469538,3849
"{DINNER,LUNCH} => {Salads}",0.245271335284846,0.637734192037471,0.384598063499212,1.34194624346762,4357
"{Lobby Bar,Soft Drink} => {Main Courses}",0.141803647827066,0.766818873668189,0.184924566539068,1.34191414361558,2519
"{Main Courses,Soups} => {Lobby Bar}",0.224667867597388,0.743202979515829,0.302296780004503,1.34142021216411,3991
"{Main Courses,Sides} => {LUNCH}",0.123789687007431,0.648290094339623,0.190947984688133,1.33645412972601,2199
"{Beer Import Draft,DINNER} => {LUNCH}",0.140002251745102,0.648162627052385,0.215998648952938,1.33619135510718,2487
"{LUNCH,Snacks/Sandwich} => {Main Courses}",0.197196577347444,0.761687323331159,0.258894393154695,1.33293405690619,3503
"{LUNCH,Lobby Bar} => {Snacks/Sandwich}",0.210988516099977,0.555588496887044,0.379756811528935,1.33227241613141,3748
"{Beer Import Draft,DINNER} => {Salads}",0.136624634091421,0.632525410476935,0.215998648952938,1.33098571330399,2427
"{DINNER,Soups} => {LUNCH}",0.226131501913983,0.645197558625121,0.350484125197028,1.33007884779118,4017
"{DINNER,Dessert} => {LUNCH}",0.159648727764017,0.645131938125569,0.247466786759739,1.32994357071633,2836
"{Coffee/Tea,Dessert} => {Main Courses}",0.167135780229678,0.759918095725621,0.219939202882234,1.32983795216924,2969
"{DINNER,Snacks/Sandwich} => {Main Courses}",0.2789912181941,0.758494031221304,0.367822562485927,1.32734587435871,4956
"{Dessert,Lobby Bar} => {Main Courses}",0.152668317946408,0.757753562447611,0.201474893042108,1.3260500722411,2712
"{DINNER,Soft Drink} => {Main Courses}",0.163195226300383,0.755538180870472,0.215998648952939,1.32217320904178,2899
"{DINNER,Dessert} => {Main Courses}",0.18666966899347,0.754322111010009,0.247466786759739,1.32004511673547,3316
"{Coffee/Tea,DINNER} => {Salads}",0.304098176086467,0.626464107619158,0.485419950461608,1.31823127312802,5402
"{DINNER,Lobby Bar} => {Soups}",0.263397883359604,0.516674028268551,0.509795091195677,1.31587060045341,4679
"{Coffee/Tea,Lobby Bar} => {Salads}",0.264748930421076,0.623161521134226,0.424848007205584,1.31128183622701,4703
"{Main Courses,Salads} => {Coffee/Tea}",0.261877955415447,0.717679728478865,0.364895293852736,1.31026338095566,4652
"{DINNER,Snacks/Sandwich} => {Coffee/Tea}",0.263679351497411,0.716865625956535,0.367822562485927,1.30877707908447,4684
"{LUNCH,Lobby Bar} => {Salads}",0.235701418599415,0.620664097242811,0.379756811528935,1.3060266552264,4187
"{DINNER,Sides} => {Lobby Bar}",0.154976356676424,0.723331581713085,0.214253546498536,1.30555397455306,2753
"{Salads,Snacks/Sandwich} => {Lobby Bar}",0.194719657734744,0.721828046744574,0.269759063274037,1.30284021767635,3459
"{Coffee/Tea,DINNER} => {Snacks/Sandwich}",0.263679351497411,0.543198422822683,0.485419950461608,1.30256166077513,4684
"{Beer Import Draft,Lobby Bar} => {Main Courses}",0.140846656158523,0.743094743094743,0.189540643999099,1.30039749939267,2502
"{Coffee/Tea,Lobby Bar} => {Snacks/Sandwich}",0.230240936725963,0.541937193586856,0.424848007205584,1.29953729844451,4090
"{DINNER,Glass Wine} => {LUNCH}",0.106957892366584,0.629973474801061,0.169781580725062,1.29869430270002,1900
"{Beer Domestic Draft,Lobby Bar} => {Main Courses}",0.154469714028372,0.741621621621622,0.208286421977032,1.29781957309492,2744
"{DINNER,Salads} => {Coffee/Tea}",0.304098176086467,0.710789473684211,0.427831569466336,1.29768388597393,5402
"{DINNER,Sides} => {LUNCH}",0.134598063499212,0.628218602207042,0.214253546498536,1.29507662174839,2391
"{DINNER,Main Courses} => {Snacks/Sandwich}",0.2789912181941,0.538637104662537,0.517957667192074,1.29162385626691,4956
"{DINNER,LUNCH} => {Main Courses}",0.283269533888764,0.736533957845433,0.384598063499212,1.28891628678616,5032
"{Coffee/Tea,LUNCH} => {Salads}",0.236996172033326,0.612185546022975,0.387131276739473,1.28818574266194,4210
"{Beer Domestic Draft,DINNER} => {Main Courses}",0.173215492006305,0.735069278547539,0.235645124971853,1.28635313408713,3077
"{Main Courses,Sides} => {Lobby Bar}",0.135836523305562,0.711379716981132,0.190947984688133,1.28398184235448,2413
"{Beer Import Draft,DINNER} => {Main Courses}",0.158241387074983,0.732603596559812,0.215998648952939,1.28203825133371,2811
"{Main Courses,Snacks/Sandwich} => {Lobby Bar}",0.213915784733168,0.709087516327673,0.301677550101329,1.2798446088239,3800
"{DINNER,Snacks/Sandwich} => {Lobby Bar}",0.259907678450799,0.706611570247934,0.367822562485927,1.27537572992118,4617
"{Coffee/Tea,DINNER} => {Main Courses}",0.349470839900923,0.719935057404616,0.485419950461608,1.25986861981436,6208
"{DINNER,Snacks/Sandwich} => {LUNCH}",0.224555280342265,0.610498928680747,0.367822562485927,1.25854740270219,3989
"{DINNER,Salads} => {Lobby Bar}",0.297680702544472,0.695789473684211,0.427831569466336,1.25584273628595,5288
"{Main Courses,Salads} => {LUNCH}",0.221628011709075,0.607374267201481,0.364895293852736,1.25210589330012,3937
"{Main Courses,Salads} => {Lobby Bar}",0.251407340689034,0.688984881209503,0.364895293852736,1.24356100688941,4466
"{DINNER,Main Courses} => {Coffee/Tea}",0.349470839900923,0.674709270731442,0.517957667192074,1.2318124856396,6208
"{Coffee/Tea,Lobby Bar} => {Main Courses}",0.298637694213015,0.702928315887107,0.424848007205584,1.23010724100272,5305
"{DINNER,Lobby Bar} => {Salads}",0.297680702544472,0.583922261484099,0.509795091195677,1.22871298898407,5288
"{DINNER,Lobby Bar} => {Snacks/Sandwich}",0.259907678450799,0.509827738515901,0.509795091195677,1.22254048960535,4617
"{Coffee/Tea,LUNCH} => {Main Courses}",0.270209412294528,0.697978769812418,0.387131276739473,1.22144565727,4800
"{LUNCH,Lobby Bar} => {Main Courses}",0.263003827966674,0.692558553216721,0.379756811528935,1.21196041171725,4672
"{Beer Import Bottle,Coffee/Tea} => {DINNER}",0.101103355100203,0.991169977924945,0.102004053141184,1.20878370780302,1796
"{Beer Import Bottle,Lobby Bar} => {DINNER}",0.112418374240036,0.990575396825397,0.113487953163702,1.20805858500661,1997
"{Beer Domestic Draft,Coffee/Tea} => {DINNER}",0.181828417023193,0.99049371358479,0.183573519477595,1.20795896801594,3230
"{Lobby Bar,Starters} => {DINNER}",0.165503265030399,0.986577181208054,0.167755010132853,1.20318255162569,2940
"{Beer Domestic Draft,Salads} => {DINNER}",0.150641747354199,0.985635359116022,0.152837198829093,1.20203395024969,2676
"{Glass Wine,Lobby Bar} => {DINNER}",0.138763791938753,0.985605757696921,0.140790362530961,1.20199784976851,2465
"{Beer Import Draft,Coffee/Tea} => {DINNER}",0.161168655708174,0.985542168674699,0.163532988065751,1.20192029962497,2863
"{Beer Domestic Draft,Snacks/Sandwich} => {DINNER}",0.1432109885161,0.984520123839009,0.145462733618554,1.20067386241083,2544
"{Lobby Bar,Whiskey} => {DINNER}",0.12086241837424,0.984410820724438,0.122776401711326,1.20054056153707,2147
"{Beer Domestic Draft,Lobby Bar} => {DINNER}",0.205021391578473,0.984324324324324,0.208286421977032,1.20043507464625,3642
"{Coffee/Tea,Whiskey} => {DINNER}",0.105606845305111,0.984260230849948,0.107295654131952,1.20035690929689,1876
"{Coffee/Tea,Glass Wine} => {DINNER}",0.126998423778428,0.983435047951177,0.12913758162576,1.19935055552689,2256
"{Beer Domestic Draft,Soups} => {DINNER}",0.131558207610898,0.983172065628944,0.133809952713353,1.19902983480932,2337
"{Beer Domestic Draft,Main Courses} => {DINNER}",0.173215492006305,0.98275311402108,0.176255347894618,1.1985189013779,3077
"{Beer Import Draft,Salads} => {DINNER}",0.136624634091421,0.982591093117409,0.139045260076559,1.19832130839885,2427
"{Coffee/Tea,Starters} => {DINNER}",0.163138932672821,0.982372881355932,0.166066201306012,1.1980551877253,2898
"{Beer Import Draft,Lobby Bar} => {DINNER}",0.186163026345418,0.982179982179982,0.189540643999099,1.19781993707574,3307
"{Glass Wine,Main Courses} => {DINNER}",0.13161450123846,0.981528127623846,0.13409142085116,1.19702496629891,2338
"{Glass Wine,Salads} => {DINNER}",0.114276063949561,0.976900866217517,0.116978158072506,1.19138177862749,2030
"{DINNER,Main Courses} => {Lobby Bar}",0.341702319297456,0.659710900989023,0.517957667192074,1.19072388185013,6070
"{Lobby Bar,Sides} => {DINNER}",0.154976356676424,0.976241134751773,0.158748029723035,1.19057720154679,2753
"{Main Courses,Starters} => {DINNER}",0.165278090520153,0.975739448321702,0.169387525332132,1.18996536866585,2936
"{Snacks/Sandwich,Starters} => {DINNER}",0.13409142085116,0.974631751227496,0.137581625759964,1.18861447403578,2382
"{Beer Import Draft,Soups} => {DINNER}",0.117878856113488,0.974406700791066,0.120975005629363,1.18834001323991,2094
"{Dessert,Lobby Bar} => {DINNER}",0.196295879306463,0.974294495669181,0.201474893042108,1.18820317321621,3487
"{Soups,Starters} => {DINNER}",0.122832695338888,0.974107142857143,0.126097725737447,1.18797468664797,2182
"{Salads,Starters} => {DINNER}",0.145575320873677,0.973644578313253,0.149515874802972,1.18741056495652,2586
"{Beer Import Draft,Main Courses} => {DINNER}",0.158241387074983,0.972327914216534,0.162744877279892,1.18580482412073,2811
"{Beer Domestic Draft,LUNCH} => {DINNER}",0.162519702769646,0.972053872053872,0.167192073857239,1.18547061534841,2887
"{Coffee/Tea,Sides} => {DINNER}",0.164433686106733,0.971723220226214,0.169218644449448,1.18506736812429,2921
"{Beer Import Draft,Snacks/Sandwich} => {DINNER}",0.12666066201306,0.970664365832614,0.130488628687233,1.18377603972611,2250
"{Dessert,Salads} => {DINNER}",0.163701868948435,0.970303636970304,0.168712001801396,1.18333611198273,2908
"{DINNER,Salads} => {LUNCH}",0.245271335284846,0.573289473684211,0.427831569466336,1.18183987588793,4357
"{Dessert,Snacks/Sandwich} => {DINNER}",0.141465886061698,0.967654986522911,0.146194550776852,1.18010594401984,2513
"{Dessert,Main Courses} => {DINNER}",0.18666966899347,0.967045785943424,0.193030848907904,1.17936299200185,3316
"{Glass Wine,LUNCH} => {DINNER}",0.106957892366584,0.966921119592875,0.110616978158073,1.17921095485705,1900
"{Lobby Bar,Soft Drink} => {DINNER}",0.178732267507318,0.966514459665145,0.184924566539068,1.17871501177342,3175
"{Coffee/Tea,Soft Drink} => {DINNER}",0.165278090520153,0.966425279789335,0.171020040531412,1.17860625224343,2936
"{Salads,Sides} => {DINNER}",0.152893492456654,0.965860597439545,0.158297680702544,1.17791759253852,2716
"{Sides,Soups} => {DINNER}",0.130150866921864,0.964941569282137,0.134879531637019,1.17679678955979,2312
"{Sides,Snacks/Sandwich} => {DINNER}",0.135723936050439,0.9644,0.1407340689034,1.1761363174516,2411
"{Beer Import Draft,LUNCH} => {DINNER}",0.140002251745102,0.963580007748934,0.14529385273587,1.17513629394838,2487
"{LUNCH,Starters} => {DINNER}",0.138088268408016,0.963093835885355,0.143379869398784,1.17454338189396,2453
"{DINNER,Lobby Bar} => {Main Courses}",0.341702319297456,0.670273851590106,0.509795091195677,1.17296273270088,6070
"{Dessert,Soups} => {DINNER}",0.137750506642648,0.961493123772102,0.143267282143661,1.17259122962293,2447
"{Main Courses,Sides} => {DINNER}",0.183460932222472,0.960790094339623,0.190947984688133,1.17173384840375,3259
"{Soft Drink,Soups} => {DINNER}",0.121875703670345,0.955849889624724,0.127505066426481,1.16570900997485,2165
"{Main Courses,Soft Drink} => {DINNER}",0.163195226300383,0.955189456342669,0.170851159648728,1.16490357699239,2899
"{Salads,Soft Drink} => {DINNER}",0.1432109885161,0.954596622889306,0.150022517451025,1.16418058554206,2544
"{Coffee/Tea,Dessert} => {DINNER}",0.209693762666066,0.953416943946762,0.219939202882234,1.16274190527738,3725
"{Lobby Bar,Main Courses} => {DINNER}",0.341702319297456,0.948882288572768,0.36011033551002,1.1572116555133,6070
"{Lobby Bar,Snacks/Sandwich} => {DINNER}",0.259907678450799,0.948828606658446,0.273924791713578,1.1571461876068,4617
"{Snacks/Sandwich,Soft Drink} => {DINNER}",0.130207160549426,0.94562551103843,0.137694213015087,1.1532398447128,2313
"{Lobby Bar,Salads} => {DINNER}",0.297680702544472,0.945298534143725,0.314906552578248,1.15284107926192,5288
"{LUNCH,Sides} => {DINNER}",0.134598063499212,0.943195266272189,0.142704345868048,1.15027603391866,2391
"{Coffee/Tea,Main Courses} => {DINNER}",0.349470839900923,0.942891859052248,0.370637243863995,1.14990601292078,6208
"{Coffee/Tea,Salads} => {DINNER}",0.304098176086467,0.942757417102967,0.322562485926593,1.14974205392126,5402
"{Coffee/Tea,Soups} => {DINNER}",0.261821661787886,0.936191626409018,0.279666741724837,1.14173472823904,4651
"{Coffee/Tea,Snacks/Sandwich} => {DINNER}",0.263679351497411,0.934370636345502,0.282199954965098,1.139513935469,4684
"{Coffee/Tea,Lobby Bar} => {DINNER}",0.396813780680027,0.934013515304094,0.424848007205584,1.1390784076522,7049
"{LUNCH,Soft Drink} => {DINNER}",0.140846656158523,0.933930571108623,0.150810628236884,1.13897725286102,2502
"{Dessert,LUNCH} => {DINNER}",0.159648727764017,0.933816266052025,0.17096374690385,1.13883785185694,2836
"{Lobby Bar,Soups} => {DINNER}",0.263397883359604,0.931144278606965,0.282875478495834,1.13557922320295,4679
"{Main Courses,Salads} => {DINNER}",0.339675748705247,0.930885529157667,0.364895293852736,1.13526366469565,6034
"{Salads,Snacks/Sandwich} => {DINNER}",0.249662238234632,0.925500834724541,0.269759063274037,1.12869674777199,4435
"{Main Courses,Snacks/Sandwich} => {DINNER}",0.2789912181941,0.92479940287367,0.301677550101329,1.12784131488726,4956
"{DINNER,Main Courses} => {LUNCH}",0.283269533888764,0.546897076404739,0.517957667192074,1.12743178197212,5032
"{Main Courses,Soups} => {DINNER}",0.27730240936726,0.91731843575419,0.302296780004503,1.11871788361509,4926
"{Salads,Soups} => {DINNER}",0.243863994595812,0.917019475021169,0.265931096599865,1.11835328534093,4332
"{Snacks/Sandwich,Soups} => {DINNER}",0.233505967124522,0.909449682087262,0.256755235307363,1.10912152633517,4148
"{LUNCH,Main Courses} => {DINNER}",0.283269533888764,0.885603660682858,0.319860391803648,1.08004005412401,5032
"{LUNCH,Lobby Bar} => {DINNER}",0.335735194775951,0.884079454491551,0.379756811528935,1.07818120483234,5964
"{LUNCH,Salads} => {DINNER}",0.245271335284846,0.883593591563577,0.277583877505066,1.07758866954108,4357
"{LUNCH,Snacks/Sandwich} => {DINNER}",0.224555280342265,0.867362470102196,0.258894393154695,1.0577939666961,3989
"{Coffee/Tea,LUNCH} => {DINNER}",0.335735194775951,0.86723862149193,0.387131276739473,1.05764292682841,5964
"{LUNCH,Soups} => {DINNER}",0.226131501913983,0.866479723899914,0.260977257374465,1.05671741146218,4017
